USID,MarketCapitalization,PriceToBook,Beta
225955,458.1416,1.5829,0.8312
225966,267.9804,2.2192,1.6535
225977,121.6299,0.9992,1.7821
225994,5613.4649,22.7644,0.0
225997,277.9884,5.5689,1.2749
226049,639.5255,2.6942,0.7748
226056,256.455,1.8311,2.8775
226072,68.4112,-11.5425,0.9434
226082,914.443,-109.7653,0.7373
226098,186.7286,2.8376,1.3887
226115,14.164,2.6268,0.0
226134,62.7947,1.8928,0.2859
226146,0.7619,0.0203,0.0
226185,17.1528,3.2697,0.0
226192,242.4662,8.7021,0.1182
226216,20.2243,1.6209,0.4721
226217,143.2928,3.2672,0.8092
226229,68.2538,-213.9574,1.1969
226234,34.5849,-11.0553,0.5423
226243,40.0188,0.9889,0.3521
226282,32.3062,1.7142,1.0018
226307,45.6412,1.7494,0.0005
226315,118.9232,7.4804,1.4843
226326,69.0403,2.4057,0.4095
226355,9.2222,0.0219,1.4234
226367,6.5294,0.5901,0.8945
226392,934.5792,2.3653,0.656
226417,57.8556,-3.0945,1.4007
226430,419.0882,2.5105,1.8939
226454,178.0209,-47.8038,1.3671
226464,45.7822,0.5383,0.847
226472,23.6732,-16.0278,0.0
226483,161.3729,1.6955,2.1385
226508,16.066,-7.254,0.7116
226514,653.9558,1.9687,0.8406
226545,2.2689,0.083,0.7726
226585,372.2377,3.5442,1.0359
226603,3002.3176,2.1224,1.1549
226629,968.6334,4.1431,2.1289
226635,79.7441,7.796,1.8822
226664,6.4702,-3.6086,0.0
226677,50.087,0.8356,2.6925
226697,550.6367,7.0164,2.0635
226719,204.835,1.5602,0.632
226723,365.1224,2.5549,0.1209
226728,1225.1577,29.608,1.5463
226763,280.9143,1.2865,0.9372
226774,247.8162,9.5814,1.6643
226782,21.1562,0.6067,0.4653
226786,41.6244,2.5046,0.446
226790,10.8902,18.5586,-0.0185
226801,38.0241,1.0316,1.2327
226813,432.1605,6.0188,1.639
226843,1073.1971,10.9835,1.0276
226901,156.159,1.3056,1.3701
226905,26.7772,1.3424,1.0773
226912,33.6618,4.5452,0.4616
226928,605.6846,2.2416,1.698
226943,47.4298,2.3556,1.1703
226957,99.444,0.1734,2.8141
227020,91.4622,1.884,1.9735
227030,326.3203,1.8113,1.0443
227111,576.0349,0.6022,0.0
227169,206.6433,0.3052,1.5438
227196,125.136,0.3444,1.4384
227254,173.1958,-0.2068,2.2774
227298,648.9706,-0.9545,1.3599
227330,422.3199,3.8866,1.2576
227355,49.6901,0.5863,2.0465
225956,28.5872,2.3807,0.3389
225967,2232.6689,18.3042,1.2777
225980,29.0625,-0.9319,2.1737
225991,6493.4936,26.3332,0.174
226106,235.3046,12.6767,0.6643
226112,16.0114,2.9695,0.745
226120,8.8481,1.8882,1.1953
226140,1969.3799,4.76,1.9748
226156,66.162,0.869,2.2486
226163,63.7752,0.2294,0.8961
226172,8.0143,1.4114,0.575
226180,8.7398,1.666,0.1862
226188,157.6496,5.658,0.0862
226305,35.8445,1.3739,0.014
226343,78.0886,3.2061,0.2506
226348,418.7147,5.8456,-0.8957
226365,7.4848,0.6764,0.8752
226373,1346.5906,-5.6416,1.4783
226386,13.562999999999999,2.888,0.0293
226419,17.3254,0.1699,0.1518
226434,44.2073,3.62,0.4423
226451,212.2892,4.0229,0.8366
226463,1685.8361,2.3137,1.0603
226522,137.4648,2.9899,0.9412
226564,15.3512,0.2291,1.1935
226571,375.5824,2.9135,1.6283
226588,810.1619,4.168,1.2524
226653,0.6567,0.0505,1.3587
226670,13.3389,0.8911,0.3396
226711,87.2079,-1.3958,2.5414
226717,254.349,-2.8593,0.7288
226731,373.5067,2.7287,1.1813
226733,70.684,3.8114,0.4895
226770,28.6684,5.7337,-0.2482
226776,41.4113,0.445,1.4999
226784,42.1721,2.5376,0.41
226809,368.5915,5.1334,1.6314
226850,18.2267,-4.0004,0.7131
226883,248.6976,1.8174,0.1492
226890,218.1453,1.6624,0.6391
226973,145.8619,-0.8983,1.2253
227021,64.7257,17.6842,0.7091
227037,2200.894,8.3846,1.2572
227068,2949.6816,11.1615,3.5097
227077,346.8133,1.9238,0.7122
227108,691.5338,0.5086,1.3236
227187,1141.142,3.7723,1.0698
227193,172.1568,0.4544,1.4498
227291,466.2938,0.4627,1.3233
227295,865.2941,-1.2727,1.3454
227327,5840.504,15.4921,1.7778
227375,206.3261,0.8966,1.1574
225957,33.9683,2.8288,0.376
225968,60.052,1.5091,2.5335
225981,35.0921,-1.1252,2.1882
226042,51.2372,2.2354,2.2144
226138,286.0184,1.9885,1.8591
226161,501.835,1.0553,1.34
226285,84.0447,2.5104,1.0009
226294,76.3462,1.7586,6.6352
226345,101.9542,-78.6844,0.9022
226377,609.0,2.0795,1.2651
226385,2405.5476,12.2431,1.325
226388,34.4372,3.0323,0.2145
226411,5.2688,0.2676,0.7285
226420,14.2847,0.1401,0.14
226468,18.7151,-12.671,0.4332
226511,1040.6224,2.2442,0.9751
226513,645.1631,1.9422,0.8458
226556,817.9613,3.8932,1.8733
226565,10.4757,0.1564,1.1786
226580,50.4193,3.2466,0.9952
226594,195.9641,2.883,1.5747
226601,86.5414,0.2357,1.3503
226604,47.0527,0.7439,1.252
226616,26.3255,-0.327,-1.7726
226699,1555.5004,3.4474,1.1029
226781,23.8038,0.6647,0.4291
226810,423.7029,5.901,1.6214
226829,853.244,4.2623,0.7394
226856,10.2966,1.6414,-0.1138
226865,316.3804,1.5883,0.6793
226867,22.3457,1.4796,0.1418
226871,14.7971,0.8222,1.5483
226899,55.0386,15.5687,1.1628
226934,109.7186,1.6066,0.8855
226979,2284.249,1.7291,1.4133
227024,69.5717,1.0201,-1.1758
227026,59.4713,3.4379,1.0653
227060,103.7772,0.7002,1.8021
227073,6848.1114,5.2416,0.9244
227109,780.595,0.5935,1.3314
227144,3596.6028,1.1808,2.0805
227167,169.4826,0.2498,1.541
227241,929.2154,-13.2687,1.1551
227245,1058.1367,2.2913,2.1458
227258,791.5957,1.0087,1.3951
227304,340.4854,0.3461,1.7448
227329,728.9058,3.3886,1.2753
227332,4209.4698,4.8498,1.0073
227385,2016.9655,1.1299,1.3597
227387,116.0808,0.4463,1.2808
225958,47.9256,3.9911,0.3912
225965,267.7428,1.8866,1.6457
225969,46.8461,1.1772,2.5858
225978,1802.3781,3.9515,1.2162
225989,2611.2285,-321.7705,1.1653
226059,96.0408,-1.1432,1.0146
226090,53.0135,0.8789,0.4232
226144,528.6367,1.0911,0.9441
226162,448.4998,0.9431,1.3492
226177,508.416,-9.321,-0.0347
226286,92.0103,2.7483,0.9784
226295,102.645,2.3643,6.7626
226306,40.1929,1.5405,0.0017
226311,19.4982,1.4156,0.0384
226327,166.3618,5.6503,0.7752
226339,16.0329,0.9868,0.8036
226448,131.8598,3.0448,0.9952
226455,450.2984,2.0644,1.4167
226458,776.3884,2.8881,1.4321
226481,152.4551,1.4214,2.1649
226531,2668.8355,8.0571,1.5038
226566,8.9604,0.1338,1.1476
226572,1041.8746,7.2151,1.1458
226574,139.9167,2.3185,1.3366
226592,937.5919,0.9639,1.3036
226596,5027.1701,3.0405,0.9481
226602,97.1187,0.2645,1.3598
226613,41.9912,8.9286,1.0352
226645,865.2899,5.0847,1.9839
226680,66.8247,1.2577,1.4776
226682,0.2511,0.056,0.468
226712,84.3947,-1.3507,2.7233
226725,71.9583,-11.4988,0.9072
226857,9.0805,1.4363,-0.0943
226872,13.0563,0.7255,1.5753
226884,218.3402,1.5956,0.1546
226900,63.3456,17.9185,1.1697
226902,32.0639,1.6074,1.0547
226914,45.6362,9.1272,-0.1702
226946,614.8458,2.7585,1.5135
226947,48.4824,1.7623,1.4006
226963,29.8385,3.9553,1.8557
226969,339.5291,-38.5028,0.8578
227001,60.9575,2.3745,0.4787
227003,35.8293,0.6809,1.0742
227027,66.2465,3.8295,1.0773
227043,7650.4529,6.8575,-2.1693
227080,925.2595,0.8207,1.4958
227103,5390.4258,13.0987,1.3922
227151,586.3872,-1.2988,1.0372
227183,2772.0272,4.797,0.5627
227240,1732.5486,3.5297,1.1026
227257,907.3305,1.6138,1.0597
227339,336.6413,1.5405,1.2599
227343,10478.4816,1.6391,0.767
227388,125.9182,0.4841,1.2862
225959,51.6251,4.2992,0.4258
225992,6092.6607,24.7077,0.1919
226077,189.587,3.7481,1.0132
226080,1619.7853,-7.3395,1.1451
226085,5.079,0.7039,0.4903
226095,7089.8206,2.4899,0.7566
226102,7168.3886,3.2215,1.5715
226141,2332.1115,5.6367,1.9901
226158,30.0872,6.3988,0.6883
226200,470.8009,3.3586,2.3778
226205,738.3375,6.6585,1.7634
226268,77.3687,-3.5438,0.2656
226296,94.1975,2.1697,7.1328
226340,14.5863,0.8978,0.8578
226354,15.116,0.0359,1.4399
226421,11.6682,0.1144,0.1244
226532,85.1935,3.3771,0.0129
226540,12.7238,0.4653,0.6039
226573,954.1589,6.6077,1.1536
226575,126.0101,2.088,1.3432
226614,36.9276,7.8519,1.0561
226621,523.0238,2.0577,2.0564
226640,1224.15,8.1452,1.3225
226713,98.1421,-1.5708,2.5022
226716,314.94,1.5246,1.0188
226726,79.1766,-12.6523,0.9147
226734,83.1576,4.484,0.5018
226742,253.559,2.4202,1.6803
226754,55.1817,24.5906,1.1631
226771,24.7739,4.9548,-0.1074
226844,1882.5120000000002,2.4634,1.0161
226894,82.3597,2.9223,1.0472
226915,65.7687,13.1538,-0.1389
226960,143.6883,1.2184,1.5
226985,11.7966,0.6809,0.5027
227007,7.3609,1.6466,0.4774
227014,2093.5574,5.215,1.9208
227033,583.6279,1.4547,1.8897
227040,71.5315,5.2853,0.7116
227091,134.8125,0.2354,1.6533
227123,1430.0641,13.9521,1.1279
227127,658.0307,0.5376,1.2151
227145,357.5859,1.2292,1.8729
227147,1908.5834,1.5685,1.3927
227152,528.2931,-1.1701,1.0258
227175,2803.26,1.6578,1.1214
227186,2278.235,2.333,1.2468
227207,172.7765,0.1212,1.8396
227290,2046.6078,2.2882,1.3573
227312,384.1,0.4142,1.5336
227335,399.2168,3.7989,1.3037
227344,148.2034,1.5012,0.7547
225960,48.2619,4.0192,0.4245
225970,41.0077,1.0305,2.5525
226011,561.0989,5.0549,1.4139
226023,9.6175,0.9057,0.074
226030,223.0761,2.4067,1.2186
226040,27.0963,0.9229,0.3089
226047,1348.06,9.2501,5.6247
226067,42.8591,0.5535,0.3773
226086,4.2598,0.5903,0.4866
226088,1186.9554,0.9307,2.0357
226091,63.6161,1.0547,0.4442
226124,24.371,0.2947,0.0406
226160,37.578,4.5494,0.688
226164,33.395,0.1201,0.8979
226194,53.3134,3.0515,1.1239
226253,30.6674,7.9926,0.1858
226275,226.9046,3.6425,0.8823
226338,1139.8228,3.4988,1.3652
226360,16.5835,12.0595,1.0152
226422,9.9179,0.0972,0.1278
226442,14.9876,-6.107,0.3435
226459,907.7,3.3766,1.4399
226478,586.2869,4.7272,2.3054
226533,102.2183,4.0519,0.0153
226541,13.6136,0.4978,0.6003
226552,382.1877,0.9815,1.403
226607,149.5689,5.8948,0.9366
226612,2429.4744,6.7052,1.5924
226654,0.4544,0.0349,1.3597
226681,218.0549,2.8282,0.2702
226698,421.3757,4.9735,1.4774
226735,97.7102,5.2687,0.501
226764,100.1951,1.3555,1.1813
226783,479.6381,1.3181,0.8945
226830,887.6083,0.9599,2.171
226858,8.1886,1.2953,-0.1141
226868,19.6349,1.3001,0.1458
226874,21.6154,1.2011,1.5642
226917,63.6129,12.7226,-0.1357
226933,91.7431,3.0499,0.6195
226976,653.7399,1.9904,1.0594
226986,10.165,0.5867,0.5136
227005,703.1146,2.0802,1.0037
227011,124.4713,2.764,3.1831
227022,83.0286,22.6849,0.7233
227072,110.023,1.3298,1.1175
227096,1164.3791,1.6987,1.2161
227110,594.8595,0.6218,1.3556
227135,61.007,0.0226,2.0416
227158,43.4424,0.1776,0.8174
227185,489.8728,2.2405,1.2174
227194,185.808,0.4904,1.4657
227199,550.126,-0.1279,1.3597
227206,5441.2454,4.2278,1.7812
227228,583.6151,-6.1403,1.0973
227280,340.915,0.3159,1.5077
227301,1048.834,0.576,1.0974
227305,340.4854,0.3461,1.7454
227322,18.7866,0.1667,0.5322
227324,34.986,0.1259,0.966
227328,6500.579,65.0062,1.7962
227340,813.875,-1.4612,3.7032
227345,142.6557,1.445,0.7647
225961,43.8898,3.6551,0.4119
225971,36.5594,0.9187,2.5306
226019,6270.4653,3.4103,1.0752
226052,2955.4378,4.0178,0.7586
226127,363.3089,2.8583,1.4152
226165,26.6696,0.0959,0.7976
226226,73.1862,-229.4191,0.6068
226249,43.638999999999996,0.7503,0.1463
226276,207.0007,3.323,0.8688
226287,82.9083,2.4764,1.0093
226330,18.4331,0.6261,0.7431
226394,411.7487,4.7497,0.6653
226396,446.2062,-3.6829,1.777
226423,12.1985,0.1196,0.1169
226452,134.5483,14.5219,1.3856
226466,1072.4899,3.1053,0.9088
226485,15.7144,2.2901,0.6436
226501,9.1765,-4.1433,0.5781
226534,123.6209,4.9003,0.0285
226558,890.9936,4.2408,1.8954
226567,6.9838,0.1042,1.1264
226599,3488.3282,0.5867,1.6166
226623,508.1383,1.9991,2.0487
226631,235.7875,5.8187,1.0102
226646,840.3638,4.9382,2.0669
226655,0.3741,0.0288,1.3215
226669,421.9108,0.9502,0.0196
226683,0.2866,0.0639,0.4538
226752,19.4473,2.182,0.346
226778,313.0482,5.7577,1.5519
226831,813.641,0.8799,2.1773
226836,62.0789,1.6004,1.1318
226859,10.7831,1.7056,-0.1224
226875,18.8591,1.048,1.6049
226918,52.9438,10.5888,-0.2112
226935,60.8339,3.0213,1.161
226964,30.3084,4.0176,1.8659
227008,6.5431,1.4636,0.4665
227017,331.039,-15.7337,1.761
227023,76.5394,20.9119,0.7418
227088,147.5473,3.4348,0.595
227100,655.2191,-30.7659,1.5139
227162,7770.0818,8.4826,1.7198
227264,567.7935,23.1931,2.0016
227272,43.1322,0.7549,0.7525
227281,315.3257,0.2922,1.5176
227306,307.5776,0.3126,1.7535
225962,36.9952,3.0809,0.4151
226000,4728.4566,14.7193,1.5141
226006,15.3034,0.4787,1.1242
226012,624.7592,5.6284,1.4275
226017,1953.5999,2.3341,1.2161
226021,461.1048,2.2503,1.0341
226032,9.3925,-0.5269,0.0
226043,39.6587,1.7303,2.2118
226119,101.4069,0.6902,0.2299
226130,230.4459,3.5213,-0.4535
226149,25.3491,5.1302,0.8417
226173,566.4427,-2.6693,0.7572
226181,9.2911,1.7711,0.1722
226195,59.4021,3.4,1.1051
226227,85.3172,-267.4467,0.657
226242,40.3759,0.9977,0.3595
226291,54213.8892,10.1829,1.2191
226361,15.1694,11.0311,1.002
226372,1406.6273,1.1449,0.9601
226414,105.4245,1.6859,1.002
226424,13.9488,0.1368,0.111
226438,96.2542,0.6745,0.5685
226450,160.1353,2.1857,0.6694
226479,629.1958,5.0732,2.1822
226486,16.9731,2.4735,0.6487
226535,105.9707,4.2007,0.024
226553,389.0124,0.9991,1.3622
226559,958.5484,4.5623,1.9023
226568,7.8403,0.117,1.1304
226587,633.15,5.9755,1.0011
226600,3869.0516,0.7422,1.6189
226605,37.1198,0.5706,1.244
226609,598.61,1.7321,1.3719
226624,550.762,2.4093,2.0508
226656,0.3256,0.025,1.3267
226684,0.2584,0.0576,0.4511
226736,1227.8769,5.9526,0.9371
226753,17.7992,1.9971,0.3488
226772,23.0948,4.619,-0.027
226780,1040.2329,1.4646,1.7132
226837,67.0452,1.7284,1.1356
226838,1259.9176,4.357,1.2062
226860,9.5669,1.5133,-0.1289
226876,17.4084,0.9674,1.6095
226885,206.6642,1.5103,0.1466
226888,690.6191,3.3309,1.8317
226891,247.4484,1.8857,0.6489
226907,81.236,1.0979,1.9646
226911,170.1296,1.1931,0.6558
226919,47.9735,9.5947,-0.204
226936,55.6785,2.7653,1.2134
227009,7.0883,1.5856,0.4697
227032,632.4363,7.7961,1.2741
227066,3765.9228,4.6447,2.0509
227089,6025.1,11.805,0.9349
227092,162.3654,0.2835,1.6563
227097,1014.0643,1.4794,1.2252
227114,410.3088,-11.9624,2.0231
227208,178.5963,0.1253,1.8577
227214,10.8112,0.28,1.4452
227220,12603.595,3.4175,1.1422
227221,1454.9744,2.1573,1.0217
227229,607.5337,-6.3919,1.1116
227247,2073.0276,-151.7707,2.3312
227265,509.5397,20.8136,1.998
227282,247.955,2.3869,1.1063
227292,2158.2229,1.6092,1.0997
227313,315.3154,0.3313,1.5354
227366,572.7952,1.4163,0.2659
225963,43.8898,3.6551,0.4142
225999,252.9458,0.8193,1.0137
226033,10.3798,-0.5823,0.0
226044,43.2367,1.8864,2.2116
226060,82.8242,-0.9859,1.068
226147,139.7237,1.3872,1.1124
226219,3299.283,10.0766,1.1732
226220,385.039,1.6,1.1465
226247,64.7653,0.8822,1.8721
226366,6.7534,0.6103,0.8664
226398,362.8571,6.6709,1.5035
226425,12.4107,0.1217,0.1115
226526,166.079,0.6241,0.8821
226536,117.5059,4.6579,0.0236
226569,7.1815,0.1072,1.1307
226632,258.4724,7.2922,1.0227
226633,111.5219,10.9027,1.9753
226644,227.2516,2.4541,1.806
226679,104.4359,1.5709,0.4531
226694,40.9605,2.5549,0.4953
226701,22.2429,0.4328,1.335
226706,35.4589,1.9856,0.4367
226755,165.5988,3.528,0.6679
226794,212.1452,1.0207,2.1372
226804,569.8541,1.6051,1.5031
226825,11.1923,1.9594,0.5306
226869,763.7683,-22.9284,1.4817
226877,20.3098,1.1286,1.6091
226937,50.5231,2.5092,1.2132
226958,790.4882,4.2151,1.6503
226983,927.4765,1.6855,1.4441
226988,31.2755,-0.9417,0.4848
227034,527.7469,1.3212,1.8894
227038,2053.4119,4.7227,1.3205
227045,385.1226,2.9622,0.8049
227049,599.5962,1400.385,0.5644
227057,2906.0325,7.1209,1.2051
227065,3469.0604,0.9543,0.862
227104,1873.3937,1.9332,1.2284
227118,1277.433,1.4159,1.0739
227139,74.0797,0.3262,0.9427
227159,25.8586,0.1057,0.7947
227190,180.7427,0.3856,1.4902
227209,160.0456,0.1123,1.858
227212,1104.644,3.8044,2.0554
227215,6.9906,0.1811,1.4449
227223,438.2757,0.5536,0.711
227248,1906.0337,-139.5447,2.3307
227266,448.3853,18.3156,1.9978
227278,1950.0,1.618,1.3401
227299,1355.0201,3.8455,0.4482
227303,1438.9486,3.9425,1.0052
227315,1684.702,-1.4299,1.2073
227346,160.0914,1.6216,0.7538
227351,80.4979,0.9498,1.9766
227364,371.3756,1.8581,-0.39
227367,617.7755,0.7806,1.3704
225964,45.287,10.0974,0.3588
225973,33.5012,0.8419,0.0
226099,153.4265,1.9696,0.7682
226101,5.287,0.6287,0.0
226105,92.4675,5.4335,-0.1419
226122,237.2613,1.7867,1.2974
226143,574.399,7.614,0.8261
226168,17.7434,0.0638,0.8175
226209,20.1119,1.1131,1.053
226228,85.3172,-267.4467,1.2512
226256,333.0229,-104.6864,1.7845
226270,74.0664,-3.3926,0.2073
226289,59.3223,1.7719,0.8717
226298,110.7737,2.5516,5.5447
226320,666.8017,1.478,1.2915
226333,10.4948,3.4409,3.3431
226350,518.2479,7.2352,-0.735
226376,180.821,-0.7576,1.4787
226380,115.3451,1.4494,0.4795
226413,4.4258,0.2248,0.6553
226497,1801.2855,10.0941,1.1119
226506,21.459,-9.6889,0.7098
226538,74.5964,2.957,0.0
226542,3.431,0.1255,0.6038
226549,1150.6623,2.5745,1.0882
226590,1104.2953,6.699,1.2552
226597,81.1051,1.2283,1.7274
226673,15.0063,1.0025,0.3098
226696,485.3192,6.1841,2.0404
226743,347.8232,3.6179,1.2478
226758,158.4077,3.3748,0.615
226766,60.5956,0.948,1.2695
226880,25.6774,1.4268,1.6296
226904,22.8361,1.1448,1.0712
226941,53.6163,2.6628,1.1672
226955,93.6188,0.1633,2.8062
226962,139.1698,1.1801,1.4724
226991,36.121,-1.0876,0.0
227062,76.5975,0.5168,1.7778
227128,97.2073,0.9676,1.0064
227136,46.6045,0.0175,2.0001
227219,1757.94,1.6353,2.7355
227283,228.1186,2.1959,1.107
227288,138.2489,3.2381,1.1098
227296,796.7037,-1.1718,1.3569
227318,2173.8796,-2.0079,1.1703
227319,670.7918,4.3418,0.9366
227353,73.5413,0.8677,2.0274
227369,542.2918,0.8698,1.8392
225972,37.6715,0.9467,2.5367
226048,1625.7604,11.1557,5.6968
226065,20644.8,3.9709,1.6759
226074,338.7846,6.0412,0.5115
226113,16.1346,2.9923,0.7289
226150,29.7451,7.2495,0.8397
226167,18.0913,0.0651,0.8001
226190,178.9536,6.4226,0.1723
226197,60.8872,3.485,1.1091
226208,23.8739,1.3213,1.0532
226210,136.875,2.6126,0.77
226248,62.2855,0.8484,1.8752
226252,127.6245,-3.4881,1.5855
226358,1177.1897,1.9276,1.9602
226362,15.298,11.1246,1.0039
226395,49.4399,2.459,0.3711
226403,66.9435,1.3676,1.1173
226408,3524.4728,7.1295,1.3654
226412,4.0569,0.2061,0.7007
226444,16.6685,-6.7918,0.366
226476,2346.7456,7.7843,1.0187
226493,27.2438,3.763,1.0021
226496,816.9632,1.4434,0.9074
226503,19.2707,-8.7009,0.6041
226515,639.6448,8.0165,0.715
226516,454.2364,1.7092,0.8477
226630,6.7611,5.8527,0.5773
226647,887.7233,5.2165,2.0887
226658,0.2854,0.0219,1.3148
226671,12.2273,0.8168,0.3274
226715,125.9552,-2.0159,2.1629
226739,42.9019,-0.8454,0.8031
226756,161.2842,3.4361,0.6868
226773,229.12,8.8585,1.8171
226795,178.16,0.9717,2.1391
226805,44.5753,1.2312,0.2704
226826,10.245,1.7936,0.5284
226845,460.3997,291.7251,2.5101
226862,13.1342,2.0775,-0.1255
226879,20.1647,1.1205,1.6122
226908,94.8741,1.2823,1.9642
226921,51.8842,10.3769,-0.198
226954,110.2622,0.1923,2.8111
227044,6910.6054,6.1943,-1.9162
227050,16668.93,14.6545,1.5409
227055,919.0461,-0.7453,1.4662
227061,86.481,0.5835,1.7859
227101,761.7321,1.5139,0.5715
227155,43.6468,0.1131,2.3385
227160,23.7899,0.0972,0.7786
227164,1895.3459,0.9611,0.9112
227195,151.68,0.4174,1.4757
227201,586.644,-0.1364,1.3782
227218,1885.76,1.1988,2.1305
227225,382.8312,0.4835,0.6929
227238,2507.544,1.1805,1.0421
227274,2318.8654,1.7095,1.1658
227275,753.3860000000001,6.7811,-2.3089
227390,110.6703,0.4255,1.2976
227394,32.0406,0.2915,1.3432
227396,217.3867,1.3293,1.145
227398,4409.0325,2.0613,1.1614
225974,34.4743,0.8663,0.0
225995,257.8251,0.6311,0.5407
225998,301.6132,6.0422,1.2807
226013,56.9677,0.6911,2.22
226039,94.2899,-1.1006,0.7291
226045,47.3228,2.0646,2.2373
226057,286.71299999999997,2.0472,2.8857
226081,270.6776,3.217,1.6966
226083,992.0615,-119.0823,0.7239
226121,19.5524,0.3235,0.4612
226135,70.9955,2.14,0.2901
226148,170.2172,1.69,1.0924
226171,71.4485,1.2742,1.5012
226193,274.6884,9.8585,0.145
226230,81.5846,-255.7459,1.0701
226235,29.0828,-9.2965,0.544
226238,35.5247,1.9061,1.1385
226272,76.4252,-3.5006,0.2563
226356,10.227,0.1028,1.4181
226369,33.4993,1.255,1.3609
226390,275.1072,1.3913,0.7176
226402,236.9453,2.7271,1.331
226460,34.916,6.9832,0.0
226473,49.3129,-33.387,0.0
226492,9.7192,-0.4951,0.9706
226498,1937.14,10.8554,1.0745
226521,21.5386,3.0654,1.3776
226546,1.4797,0.0541,0.768
226636,73.7483,7.2098,1.8914
226665,7.0196,-3.915,0.0
226678,55.0957,0.9192,2.7079
226690,0.1878,0.0419,0.0
226708,40.4644,2.2659,0.3994
226710,3.4313,1.2924,0.0533
226720,231.5097,1.7634,0.6372
226724,400.6645,3.017,0.139
226744,401.4825,4.6905,1.2155
226787,68.1874,4.103,0.4506
226791,8.1685,13.9205,0.0342
226802,31.1276,0.8445,1.2629
226833,291.45,5.4162,2.0105
226841,74.7034,-3.4697,0.9699
226854,14.9165,1.7147,0.2197
226906,28.837,1.4456,1.0844
226910,6.1365,1.1334,1.3005
226929,654.7162,2.4231,1.7044
226944,51.5541,2.5604,1.1653
226951,391.3653,6.8673,0.5303
226987,11.8811,0.6858,0.42
227000,103.132,-2.3868,1.3986
227013,160.101,0.478,0.4924
227074,212.4566,0.5457,0.9904
227112,636.2738,0.6651,0.0
227176,13441.7584,19.2462,1.17
227188,277.8958,1.2717,1.0123
227234,407.598,3.8538,0.514
227331,463.6735,4.2672,1.2647
227337,346.069,5.1691,0.9465
227356,59.6281,0.7035,2.0351
227379,2593.3238,1.8423,0.0
227395,38.6628,0.3517,1.4337
225975,30.999,0.779,0.0
226014,50.679,0.6148,2.2151
226016,248.6827,4.1374,0.3019
226026,8.486,0.7991,0.07
226029,108.8783,0.5168,0.721
226046,43.8021,1.911,2.2462
226058,8238.971,13.4797,1.8045
226076,70.8534,-2.4524,-3.0892
226152,31.2556,7.6176,0.8239
226169,17.9939,0.0647,0.8195
226198,40.9875,4.6784,0.7401
226203,216.0519,2.4676,1.5795
226236,26.6592,-8.5218,0.538
226239,31.3119,1.6801,1.1408
226246,684.0663,2.5963,0.8358
226302,112.9021,4.373,0.6811
226316,111.6239,-72.1104,1.4914
226319,293.2567,0.9433,2.4684
226370,30.5435,1.1442,1.3611
226384,14.3577,0.8128,0.2335
226397,453.019,-4.2531,1.734
226474,43.9657,-29.7667,0.0
226529,162.8832,1.8887,0.4751
226547,1.7757,0.0649,0.7624
226562,6.8758,-8.7474,0.8038
226579,749.6749,-7.7868,-3.7589
226666,11.5976,-6.4683,0.0
226691,0.1659,0.037,0.0
226718,1192.959,6.8946,1.2752
226729,1119.2103,27.0476,1.5449
226749,1736.9023,6.4455,0.631
226750,2592.5778,-713.4484,0.9278
226760,131.0819,2.7927,0.6969
226788,61.3413,3.691,0.4513
226792,7.3518,12.5286,0.0349
226806,45.6366,1.2605,0.2827
226882,47.2369,2.6255,1.6145
226930,582.6109,2.1562,1.7045
226949,193.2146,1.7371,1.829
226952,349.8866,6.1394,0.5306
226968,19.0476,5.475,1.8971
226977,561.6639,1.71,1.0145
226993,34.6233,-1.0425,0.0
227028,61.7297,3.5684,1.0679
227042,595.6989,0.6093,1.2065
227078,258.0041,1.3635,0.7039
227132,74.9582,0.7461,1.0414
227189,304.4994,1.3934,1.012
227192,2472.2871,4.4129,1.7595
227197,108.4512,0.2985,1.4316
227222,1676.0213,2.4513,1.014
227255,166.0499,-0.1982,2.2727
227268,387.2984,8.1123,2.0168
227310,193.6033,-0.2301,1.7658
227326,119.2125,3.6164,1.0205
227393,24.2655,0.0933,1.4305
225976,33.5012,0.8419,0.0
226010,24.0739,2.3557,0.041
226037,72.3812,2.5544,0.6815
226063,74.8854,-0.8914,1.8075
226079,349.3765,3.8486,2.9647
226126,19.5498,0.2364,0.0054
226129,10.4103,0.9479,0.6237
226136,74.2759,2.2388,0.2929
226137,615.6684,1.2558,1.2592
226153,26.4918,6.4565,0.8338
226186,17.5612,3.3475,0.0
226199,37.4233,4.2715,0.7516
226250,40.8636,0.7026,0.0
226257,381.538,-16.5684,1.7847
226283,34.6137,1.8367,0.9893
226346,124.6102,16.6727,0.9073
226357,9.3049,0.0935,1.4258
226401,505.0865,4.8865,0.8011
226426,9.2815,0.091,0.0
226439,94.5655,0.6627,0.5893
226499,2491.475,13.9618,1.0711
226530,181.004,2.0988,0.4707
226548,1.4403,0.0527,0.7503
226577,160.1426,3.5164,1.3221
226593,410.636,1.4505,0.8843
226611,2890.2581,9.4509,1.3753
226618,94.4858,3.4714,-1.8858
226652,242.0957,1.636,0.8802
226667,8.8508,-4.9363,0.0
226692,0.1519,0.0339,0.0
226704,17.1056,0.3328,1.3216
226709,316.3252,2.2564,0.0
226741,31.2827,-0.6164,0.8136
226767,45.514,0.712,1.2944
226779,349.3713,6.4258,1.536
226789,81.6058,4.9104,0.459
226799,128.4495,2.994,1.2537
226803,32.6187,0.8849,1.2647
226864,12.1613,1.9236,-0.0322
226945,388.8,9.6252,1.5464
226978,618.2906,1.8824,1.0297
227035,614.9114,19.8249,1.2152
227058,390.9952,-0.5933,1.9126
227063,977.325,1.8038,1.276
227070,1919.6452,1.1686,2.4527
227079,296.7946,0.9452,1.0938
227082,762.562,1.0783,0.8515
227116,423.305,-12.3413,2.0157
227117,191.4551,77.985,0.7249
227119,290.0072,0.4118,0.4755
227133,67.5419,0.6723,1.0593
227138,45.1216,0.0169,2.0049
227163,404.1082,1.7843,1.5505
227166,144.4125,-1.8232,1.2214
227170,184.1458,0.272,1.5578
227205,203.5129,0.7911,1.9067
227227,599.3709,-0.9141,2.0373
227235,414.7909,3.9218,0.5221
227246,1010.8079,2.1888,0.0
227256,180.7653,-0.2158,2.2811
227260,661.1743,0.8315,1.4022
227289,109.3186,2.5605,1.1227
227311,375.1568,2.5847,1.2619
227323,70.8387,97.1249,-0.6336
227342,669.6211,-1.2022,3.6885
227348,3232.3315,1.1456,0.5485
227361,1415.2787,-9.2948,2.2442
227374,1601.4036,4.7472,0.9014
227384,2048.4767,1.1643,0.2402
225979,1261.9123,2.9979,0.1082
225987,1019.0093,5.0341,1.6342
226001,720.6631,4.7684,0.2774
226003,59.5166,-0.535,1.1149
226008,906.4064,1.9069,1.0338
226020,3512.018,7.4097,1.767
226024,9.7915,0.9221,0.0862
226103,92.7499,5.4501,-0.0253
226107,2006.7918,6.0761,1.3905
226125,20.787,0.2514,0.0294
226128,51.2956,2.991,1.7022
226142,2561.2577,6.9502,1.9866
226154,249.3217,3.7809,1.5443
226166,21.3473,0.0768,0.803
226196,68.0154,3.893,1.107
226206,785.9722,7.0881,1.7642
226207,20.7992,1.1511,1.0508
226251,162.9173,-4.4526,1.5817
226254,380.1208,-119.4917,1.8012
226277,219.1918,3.5187,0.871
226293,652.9983,4.5874,2.0183
226304,43.4291,0.7834,0.7945
226318,406.1112,1.3063,2.4713
226341,14.4658,0.8904,0.848
226381,983.3394,6.3518,1.5166
226399,641.3459,11.7907,1.5064
226407,2830.2358,5.7251,1.3643
226416,62.982,-6.4254,1.3963
226427,442.1282,2.6485,1.9376
226431,2401.2412,2.1498,1.5726
226443,18.2093,-7.4197,0.3634
226456,482.334,2.2113,1.3357
226469,20.1648,-13.6525,0.4234
226480,286.3899,-2.3371,1.4379
226502,22.4472,-10.1351,0.5908
226519,19.2051,2.7333,1.3677
226550,905.2437,-22.4107,1.3297
226581,60.1387,3.8724,0.9872
226627,791.7273,3.3864,2.1433
226650,169.5155,1.5656,1.5109
226657,0.2591,0.0199,1.3219
226685,0.2146,0.0478,0.4441
226693,88.7542,2.7565,1.1056
226702,20.0743,0.3906,1.3298
226707,32.02,1.793,0.427
226714,105.8915,-1.6948,2.1684
226721,309.4966,2.1657,0.1319
226785,37.2429,2.241,0.4155
226811,442.2552,6.1594,1.6301
226853,17.0474,1.9597,0.2552
226861,11.9992,1.898,-0.128
226878,18.714,1.0399,1.6139
226892,231.22400000000002,1.7467,0.6487
226903,29.1802,1.4628,1.0324
226920,69.2764,13.8553,-0.205
226926,467.2424,1.7292,1.707
226931,1930.8574,37.0947,1.5686
226938,44.3366,2.202,1.2063
226961,143.6883,1.2184,1.4953
226980,917.5095,2.5476,1.827
226994,4409.6504,4.7919,1.8861
227002,1183.6528,3.0922,1.4714
227004,38.0342,0.7228,1.0794
227018,367.6275,-17.4727,1.7612
227031,1251.2928,1.8839,1.2671
227054,836.019,-0.678,1.4632
227095,2552.2467,4.9562,1.4575
227102,1497.7843,5.2243,1.3739
227200,691.4860000000001,-0.1607,1.3745
227204,1445.1511,9.3855,1.2425
227216,6.3955,0.1657,1.4287
227224,322.1062,0.4068,0.6981
227243,627.6062,-0.9302,0.5106
227347,146.6183,1.4851,0.7588
227352,87.9514,1.0377,1.9709
227365,437.7205,2.19,-0.4269
227377,248.7204,0.8511,1.4366
227383,1957.6707,1.1127,0.1957
227389,122.967,0.4727,1.296
225982,35.0318,-1.1233,0.0
226005,126.831,-3.3277,1.1685
226035,57.5902,2.4446,0.6454
226050,51.3864,4.1911,0.838
226062,75.4405,-0.898,1.8054
226071,58.2198,11.2028,0.9447
226078,278.3327,3.066,2.989
226094,955.742,0.8339,1.3253
226097,168.5345,2.5611,1.388
226110,21.4632,0.7954,0.3398
226114,17.0903,3.1696,0.0
226132,65.4828,3.1786,1.0858
226175,133.5491,-2.0214,1.1872
226184,13.9877,2.6664,0.0
226214,171.4102,1.8309,1.4802
226233,31.7028,-10.134,0.5439
226237,29.9461,1.4741,1.1386
226281,43.6133,2.3142,0.9975
226337,4317.6742,10.5929,1.3285
226353,6.7798,1.0784,0.8062
226363,16.964,12.3362,1.0319
226378,684.75,2.0078,1.4643
226410,4096.3176,9.5715,1.3732
226446,16.5284,-6.7348,0.2788
226449,152.3347,1.351,0.289
226453,153.187,16.5336,1.3661
226482,149.9141,1.3977,2.1371
226491,11.5842,-0.5902,0.972
226495,28.1997,3.895,0.915
226520,20.3708,2.8992,1.3753
226544,2.4662,0.0902,0.7746
226554,369.3912,0.9487,1.3449
226608,155.0326,6.1101,0.959
226648,843.9247,4.9591,1.881
226662,0.2632,0.0202,0.0
226663,7.3248,-4.0852,0.0
226675,15.0063,1.0025,0.3049
226689,0.1933,0.0431,0.0
226703,15.3883,0.2994,1.3267
226705,98.9553,1.3277,0.1994
226748,189.6028,8.3025,0.6562
226800,24.7902,0.6725,1.2305
226852,17.4707,-3.8345,0.0
226909,86.5726,1.1701,1.8981
226925,36.6112,7.3223,-0.0848
226927,540.7898,2.0014,1.6972
226948,33.742,1.2265,1.3784
226950,339.6958,7.3592,0.5263
226975,128.1264,-0.789,1.1529
227006,1453.5868,7.8871,1.1433
227016,69.5937,1.4913,0.816
227041,637.7616,0.6523,1.2045
227046,1628.055,6.2368,1.2039
227094,169.2536,0.2955,1.6973
227098,835.2192,1.4879,0.9223
227131,86.0828,0.8569,1.0369
227137,47.8755,0.018,2.0085
227140,61.3472,0.2701,0.9669
227143,161.0313,3.9903,0.7661
227173,351.8186,1.5256,1.1739
227179,911.6329,-0.2608,1.6946
227198,4712.237,1.3775,0.8539
227211,260.9079,16.3068,0.9819
227213,983.6744,3.3878,2.0472
227250,1401.2131,-102.5857,2.3499
227253,188.7021,-0.2253,2.2765
227262,1125.546,1.8573,2.2099
227267,407.0704,8.5264,2.0015
227273,1286.1686,9.6884,2.8314
227286,208.6188,0.2254,0.4822
227294,189.1332,0.8948,1.5103
227297,722.8372,-1.0632,1.3609
227320,322.1344,0.627,2.0935
227325,27.0112,0.1007,0.9559
227336,314.4561,5.1561,0.9511
227362,900.7248,1.3066,0.9891
227371,506.8643,0.8129,1.9378
225990,5952.3692,24.1388,0.2208
226022,4387.8342,8.5536,1.1076
226036,54.1834,3.0467,0.7106
226053,186.0639,1.1661,2.8769
226111,17.4894,3.2436,0.7484
226118,112.1327,0.9543,0.235
226174,601.0989,12.6159,1.5737
226176,499.3976,-9.1557,-0.0084
226187,124.4952,4.4681,0.0181
226204,98.0568,1.4203,1.5953
226213,212.9095,2.2742,1.4912
226218,75.7531,1.9971,0.6299
226274,210.235,3.3749,0.8619
226299,108.6864,1.5344,0.6982
226309,3.5111,0.4554,0.4525
226313,89.1924,5.6103,1.5008
226344,1137.203,14.3724,1.1668
226364,8.1379,0.7354,0.8701
226379,121.9268,1.5321,0.4657
226440,10.7575,-39.3939,0.3572
226447,83.4861,4.3354,0.5471
226467,19.6063,-13.2743,0.4194
226475,1728.6506,2.1386,1.6119
226555,785.0968,3.7368,1.8741
226730,329.2929,2.5271,1.1575
226732,64.2393,3.4639,0.4989
226745,366.0677,2.3428,0.6502
226746,4175.6554,2.7844,1.1062
226807,2060.7045,5.0669,1.0027
226808,405.1505,5.6426,1.6294
226849,19.9066,-4.3691,0.707
226855,7.2968,1.1632,-0.1327
226913,34.7113,6.9423,-0.1853
226953,556.8601,7.3431,-0.5524
227025,125.1555,0.5298,2.2294
227047,2805.9906,3.6652,1.5313
227081,896.588,1.2678,0.8426
227099,4284.9539,2.6843,0.9246
227122,1158.3784,3.8045,1.0952
227177,159.5648,1.5206,0.3773
227184,260.655,-4.015,1.1926
227239,2006.0176,1.7036,1.7467
227244,721.1717,2.1913,-0.9775
227269,3310.9624,5.0556,1.3094
227287,155.383,3.6394,1.0979
227334,11467.4986,3.9071,1.4419
227350,115.7778,1.366,1.9851
227397,638.6873,7.7305,1.1761
225988,485.6836,6.7805,1.2682
226007,11.764,0.368,1.1215
226009,26.4613,2.5893,0.0362
226051,290.4804,2.6344,0.8804
226133,63.2633,1.9069,0.2902
226255,360.4658,-113.3131,1.8066
226269,68.4053,-3.1333,0.2666
226292,3271.6632,19.0587,4.8891
226297,101.848,2.346,6.7687
226300,103.1127,1.4557,0.6956
226375,203.3041,-0.8518,1.4896
226429,461.9902,2.7675,1.927
226457,498.1718,2.2839,1.3388
226462,16.1685,0.6723,0.1175
226484,247.2563,2.6968,1.2644
226488,8.4793,-0.432,0.9814
226586,609.9418,1.7138,1.0524
226589,990.3923,5.0952,1.2434
226617,27.2635,-0.3386,-1.518
226628,870.03,3.7213,2.1352
226649,25.0393,1.0252,0.4299
226660,0.1898,0.0146,1.3104
226687,0.2245,0.05,0.4372
226740,44.6895,-0.8806,0.7888
226812,492.1828,6.8547,1.6194
226840,71.6851,-3.3295,0.9444
226923,51.1534,10.2307,-0.105
226940,59.8028,2.9701,1.1891
226959,916.6774,4.888,1.6478
226966,29.408,8.4529,1.8861
226974,119.6133,-0.7366,1.1848
226990,40.3498,-1.215,0.493
226995,8.308,0.4863,0.2162
227019,83.1475,1.7127,1.9842
227029,326.3203,1.8113,1.0762
227141,306.6842,0.2168,1.1388
227165,130.5603,-1.3535,1.2331
227182,57.903,0.6331,1.1684
227263,547.0573,3.0927,1.2907
227284,241.5586,0.261,0.4884
227308,241.4747,0.2454,1.7586
227317,2010.8387,-1.8573,1.1829
227357,1538.291,1.0572,1.6021
227359,299.7987,0.5888,2.7334
227386,575.3979,0.886,1.0924
